-- phpMyAdmin SQL Dump
-- version 5.0.2
-- https://www.phpmyadmin.net/
--
-- Host: 127.0.0.1:3306
-- Generation Time: May 24, 2021 at 12:13 PM
-- Server version: 5.7.31
-- PHP Version: 7.3.21

SET SQL_MODE = "NO_AUTO_VALUE_ON_ZERO";
START TRANSACTION;
SET time_zone = "+00:00";


/*!40101 SET @OLD_CHARACTER_SET_CLIENT=@@CHARACTER_SET_CLIENT */;
/*!40101 SET @OLD_CHARACTER_SET_RESULTS=@@CHARACTER_SET_RESULTS */;
/*!40101 SET @OLD_COLLATION_CONNECTION=@@COLLATION_CONNECTION */;
/*!40101 SET NAMES utf8mb4 */;

--
-- Database: `jel_ti_usput`
--

-- --------------------------------------------------------

--
-- Table structure for table `category`
--

DROP TABLE IF EXISTS `category`;
CREATE TABLE IF NOT EXISTS `category` (
  `idCategory` int(11) NOT NULL AUTO_INCREMENT,
  `name` varchar(45) NOT NULL,
  PRIMARY KEY (`idCategory`),
  UNIQUE KEY `idCategory_UNIQUE` (`idCategory`)
) ENGINE=InnoDB DEFAULT CHARSET=utf8;

-- --------------------------------------------------------

--
-- Table structure for table `group`
--

DROP TABLE IF EXISTS `group`;
CREATE TABLE IF NOT EXISTS `group` (
  `idGroup` int(11) NOT NULL AUTO_INCREMENT,
  `name` varchar(60) COLLATE utf8_unicode_ci NOT NULL,
  `description` varchar(60) COLLATE utf8_unicode_ci DEFAULT NULL,
  `image` longblob,
  PRIMARY KEY (`idGroup`)
) ENGINE=InnoDB AUTO_INCREMENT=3 DEFAULT CHARSET=utf8 COLLATE=utf8_unicode_ci;

--
-- Dumping data for table `group`
--

INSERT INTO `group` (`idGroup`, `name`, `description`, `image`) VALUES
(1, 'Porodica', 'Group for family', NULL),
(2, 'Friends', NULL, 0xffd8ffe000104a46494600010101006000600000ffe100224578696600004d4d002a00000008000101120003000000010001000000000000ffdb0043000201010201010202020202020202030503030303030604040305070607070706070708090b0908080a0807070a0d0a0a0b0c0c0c0c07090e0f0d0c0e0b0c0c0cffdb004301020202030303060303060c0807080c0c0c0c0c0c0c0c0c0c0c0c0c0c0c0c0c0c0c0c0c0c0c0c0c0c0c0c0c0c0c0c0c0c0c0c0c0c0c0c0c0c0c0c0c0c0c0c0c0cffc000110800b700b703012200021101031101ffc4001f0000010501010101010100000000000000000102030405060708090a0bffc400b5100002010303020403050504040000017d01020300041105122131410613516107227114328191a1082342b1c11552d1f02433627282090a161718191a25262728292a3435363738393a434445464748494a535455565758595a636465666768696a737475767778797a838485868788898a92939495969798999aa2a3a4a5a6a7a8a9aab2b3b4b5b6b7b8b9bac2c3c4c5c6c7c8c9cad2d3d4d5d6d7d8d9dae1e2e3e4e5e6e7e8e9eaf1f2f3f4f5f6f7f8f9faffc4001f0100030101010101010101010000000000000102030405060708090a0bffc400b51100020102040403040705040400010277000102031104052131061241510761711322328108144291a1b1c109233352f0156272d10a162434e125f11718191a262728292a35363738393a434445464748494a535455565758595a636465666768696a737475767778797a82838485868788898a92939495969798999aa2a3a4a5a6a7a8a9aab2b3b4b5b6b7b8b9bac2c3c4c5c6c7c8c9cad2d3d4d5d6d7d8d9dae2e3e4e5e6e7e8e9eaf2f3f4f5f6f7f8f9faffda000c03010002110311003f00fc6e32eed1f4ff00a7fecc292e3fe40b6bef193ff8fb53adff00e41c3fde1fc8d12c7bf42b6ffaf77fe75fa043de5cff00f4ee279e1a9c3e7f85aec7f7618dbff1c4a34b3f6ad0e36f48157f9d5e7b413787264c3316b58f6803712dfbb2063dc8c0f722bbff00d9d3f63df89dfb46d85aff00c227e0fd6f52d3ee432a6a66d9adac1d198f22e662aae158364a3e7e460715b57af468558ceb4ac9c2c08f29d178d0adff00dda934e3fe955f7cfc17ff00820f6adaaeb3aa699e36f8936167ac69732bdd689e1cf0edeea9aa98dcb6d38ba5b35cb2abb06885c02b13121802a7ec2f877ff043bf82bf0574bb7bebbf0dc9e2ed51acd75a9efbc6dae4f7761656af1b30796df4e4b78143ae5e386612862b22ee73b58fc46238bf014fd9a4f99c7a1e952cab10d58fc43d2345bbf10f88a1d1f498b50d535cba0c2dad6cad9ae6e26600f11c6a0b3b63b28cd7d39f0c3fe093ff001dbe256b7a6ea1378265f07e8778037f68f8beea2d1962f9475b7988ba6e7b4713f5afdacf86bf05346f87f1dc683a15c59f85349b79ee2d2683c3fa6da785f4a2ef771ba262c51dbccfb3cca033caedbd98ef12a89a3e7fc55e2af0568b3eaaba459d8e93a8db0961b581ad85ddc4b7515a24c6ea6ba9cabc66191a5b7260dbc5b16567f2e38ebe72af1e6223397d5a9c7e24f5dcf42193c2def1f05e9bff000449d26f7528b5cf15f8eb5dd7ac56d8473dbf8234111dbed408de6a6a5a8320d8bba356636ac91b49f3155cb0fa0b4aff00826a7c33f8673df417de09f06dcb68da679905ff00894c9e2c9c06724f9b6e7cab247656caecb6ca95662815d627f55d37e3df883c47aa6a6da6f866f2fafacee2e66b3d3e499aea1d3848f05eb2b46a0c6acae6e2de3660ce5ae2454446120ae3acfc13e3886ce48f5ed6acf41d3aea6dcbe74ab67e488e2fb3c6121401b618a289b0ca092eca46e3306f9dc77176678b728d4acd293f856e7551cbf0f4d5a31b1e84f2f873e0fc57d0af895b50bad05657d32ce29a28b4fb7541e7c023b58bcab5052372d2b36c68a484468ee8b203c6cff1ebc2b7ba8ea1a3ea1a0ffc241a7f8a14cf70511d9ed2567859d448e3cc31c66e1d433912abd92b798a58b2f0f7fe08f0effc23d1da5d5d5d6b5f67b4b74b9b5b5d39af164f99dd2089e464511f98de606da776393b7722f65a17c33f115846d0e8fe09b889ae93ecadab789f51cadc43217774c131ab2966936a44c4647dd7eb5e0ca954becd7aefea747b752f84f3ff0007f8f3c47f12b4dd26d5f416fb46a00451dc5b44c8ccf0c1736325e7981caf9909fde3b0670970c9951e5c9976bde03f136b1bb5cd6354d37435d592e2379240f05ac209f3997000dadf6833161fc4b7839200dbea575f0d1cd8c8baa78ae3d36cedc4823d3fc3ba7ac6f60114bb222feed997e4dbb959d43b479e48c650f057c33f0e6b8f7577633788b546b80b75737d2bddc733a3c9196f2e1db2aee089805880245c5671a1ccec54b1092f86c7947f66f862737915c35d6b170c6469a3d0e07bab9960620a7ef82043271106952e0232227c9b999dbacb1f86be3cf13de7f68687e0f8b43d364b9fb45a5eebb711c36aace13764b129b5163560ae4f9592d93babb48be3643f0ed2d9b4eb08f47bab765962325d4366aa4b5b3bb24e8be732a95b8055e220a5d8cf318af27f1efeda3a3596a2d62de30b7fb779447d9ad18b5f0c657e7f30ec909f9867cb5fbb5dd85ca6bd79fb2a54799bebbffe4a70e2331853d6a4ec8e9b52fd9dfc49146f1ea9e3b4b1ba896469ecb4688432676b64afdc865ced72a43000a96c1dd83c46adf09be18f8435792d758d72f75ebcb5474919afbcb88333bed59601ccc1bcb8891181b965ce05789fc75ff8285681e0ed5aeb4dbcd375ad6af64252488ca0daa0f31b72345bd57ef86dc509dc71c1ea3cabe317eda7e23d2bc2525f68767a569399521441096d8ae921039e9f4ed5f5f83f0fb3aad1936bd9a8eeb6d3fc3a7df63c9ad9cd0bfbab9df73ee8f873a1f82fe24695e32d0345d1f43d2d2d7c317d7f6c9059195048af145105130f32365f3a2909440c4819217783ea9fb1868717c6cf831a7e9e750d42ef59d53e1f6812e9fa6cd70fe58d5069f6d6f2ee8f0126492229231995d2331f2a589af94ffe0907f106fbe31f862df5ad7258ee3506b8f10e93712a44559eded7fb13508c023fbb1cb8fa66bea3fd8174bbcd1be02e876aba95fe997ba6e877ba769e6d643bee6facf51b8b62854ae40096d08203b79ad3c3188b20993e431f81faad5742f7feae7b581c44ab46336ada9f237c42964b0f8c9a7de3309246d73c41292d17952262fadee23565f500953fed235794fed03e1cfec2fda1358c7ddfed094afd0b6e5fd08af5efda4ed2dfc3df17ff00d02111dbbf8aefae2dc88d901f3d1655c06cb28da00c7cb828cbb7e5c8e33f6acd33fe2b0d0efbfe7e2c2d19bfde58110ffe835fd69e13d5f6bc33855d9497fe03397f99f99f18479336ad2ef6ff00d25187e2497ccf0ac1fefaff00234557b89bed5e1a857e868afd5395ad0f948b6d5cf85223fe8975fefa7fe842af6a116fd2b4bfacff00fa1567ff000bfd0d696a9ff22e697fef4dff00b2d7f3ed1ff777fe17ff00a51fa4c8d1b1b6692cd5631b9dacf00763f2ae73f8648f702bf67ff66ff8d7a6fece3fb097ecfd7f06a9a8785a24f8756d657177a6db2482e45cdadbde48cf19e877990f9bc1692108ecb09757fc68b3024b2b446c9f32d3181d5885c803dc90057e9ffc0ef175bfc66ff822ff00c3bd3a4bad1ef356d0e2bbd0e2b8f3dadafe016fa95c5bcb6e0aa959d56ca3f0ff000c7e4372a5be59140f9bf12aeb0146a2e9ff0000f4b29f7aab81f4e69dfb54f893e2cf8db43bab2d074731df497909b3fec930b4b7fb964819c3a79727976f1dd5d2453794d15bdc491ed749019363c2b17c42f8882f358d435db3f0ee91ad5ddbcd74b793c964c523593cb555c09556256f2c97607743210c525555e5ff006329ecb55f81f65a95b6b57ba3f84d35096dac8dbda249786e6f2eee99c40fbd30bbe094e4b05e0edef5edbe1bd57c0916a2b3c7a5b788ae2478f73deddc97867ccc7284db8558d8438243bb72d1f26bf24a785e776949b7e5b9edd4afca8e1345f00e89a7da5aade6a779ab4b0401aef4ef0fd9c9179d2324b1adaade314134245cb9da53e591917ee2293bda77c06d5b40c1b1f06c36925c5ac76b0ea7e219a3b58e6640fbdbc90123cb33b161037cc5c6d2db8a1d2f147ed4971e17d3e491b56b5f0edadba6c77b7f234a92dcec94991c402676c3303f398c6621ed5f2dfc64ff0082c47c25f045d286f881a6ea37d215544d062fb54737c91aec6976cfe5ed091a9394c98cd76d0ca6555da9c5b7e7b9cd531f18ab4a563e99bcf87b1ad97d9f52f1a49041696e84695e19d3c8fecb8034d1288f013cb8d8412a6d5660ab09e59762373924be02b6224d3f4db5d72fbcbdaf25f4936aac5f683864b708636562e0abbb65c2f3fc23e01f8e1ff058682cf48b7bcf0df826eb50815d52da7d76f44935a821b8552b3865c8185431818af1ff00157fc141be287c55f055f5c49af268e668df6c760a17628231c48d201ff7c8fa0afb0c0f8779956972d47c8ad7b1e756cda0a378c353f533c47fb4b4de0eb996f2c66b5d02c34ff9dede5682ca4914397df2a5ba99251b59226538dc108c8cf3f3b7c4cff828e7c39f0bcad6771e3ed3f50b9555b555d297ed04b2a240c921432c8864f2d54b34608db5f921e37f1debde3cb5b53adebbaaeb125bb30db7b772dc7907d14bb10a3af1d6b2f4593cabfb75ff00a6d19ffc7ebd4c2f01e1695754eb3bdccaa66588a91b5f97c8fd09f187fc159f42bbf13ff62e83e10b9bd325c2c0cda9dc036f1bb64078724821739dbe5a6306bc1fe23ffc14f7e2a78a7c44fa4585e69fe1fb15bcf25fec56e7ce50a48c727cac1ebc479e7926bc2af6ebec7f177ccf4bc83f929fe955fc756bf62f8a1aa43ff3cb56947fe4463fd6bea23c2b80a54b9a14f6a897cae79aaa4dced2eccf47fda8fc75ae6a8964b71abea3f66bb80fda6d0dd98eddfaf05576ae3fe01f8f63c47c09f1e68be02f1449717d3247662d59551212cab83d015e3fcf35e85f176f341d2341d36e352b286eaea35ff45b595982a9e7cc7c305136064614e086271c71e2be29b75f1247e643a7dbe9f3b9cb98176c5e5ff16c5c9dabd38cf15a66d9ed0c066f29e069e91b7df6d4ac3606a54c1f24f767a0fc7ff88ba6fc50f1f5deb9a64d3cd6f7d7ccfb66ff00590ee6dfb7d3f8faafcadd7b0ad7f8b2f9f874dfecdcdacfff007c890578d6916de54e24ff009e643ffe3cb5ec9f12a3dbf0e21ff6a746fcd6be9327cde59952af56a6f647355c2fb0f654e3b23eceff008209ea0352f096bb60cdb3ec5e26d6a357fb57d9763dcf86b119f37f87f7966833ef8ef5f6b7ec96b71fd8da9691b66874db8f11789b4d9dcde182da1827d46e6ee58e4386cb323c210ac6f213ca7cd9afcfeff837ff005298fc45f135adbb6dba97c55e1e485b60936bcf69ac5a8f95be539df8c1e39afd10fd99745373f18be2240d79059c71fc41d5e3b68e55cadbdcdcd869d3dac8107dd649e3b9dbe5fcdb9b038e24fe6de268db316bd3ff004a3ec72bfe0bf9ff00e927c93fb6d5943a6fc45d52fa287ecfb7c73a5ed88840423e9323293b4e181564dac155700e33caa71dfb4259ff006e7c34f0bdf7fcfac12587fdfb7693ff006ad77bff00051b6d453c7de2afed0b79adda6bbd1f579c4dbbcc62f792d9a31df991b2bbdb748e5be6e4162e473be2ab33aefc056f5b1d49263f59adc31fd6235fd19e0dd4e6e1da71fe5a9247c1f1ac39731bf7844f19b79f3a17fc085154ace5f32d27ff00781a2bf66d4f8d8dcf8b22ff0050dfeeff005ad7d4f9f0b697ecd37fecb59117fa86ff0077fad6c6a7ff00228699fefcff00fb257f3ee5f1e6c3555e5faa3f4891a9a71c59687fed411a7fdf4557fad7e8affc1383c3d0f8b7fe08edae2b58dd6a12782fe2d6b9777514118f322b097c3769e7489237caae8db6451f7894dc8aeea31f9e1651efd0b47f7b74ff00d1cd5fa07ff049e92cfc47ff0004e3f8c9a3df470b5be9df13ed2e5ddedcccd0c773a0dca9655560cc03da44cc179c447ae38f37c42a2de449ae8d3fc0eeca74c523de23d165baff008245788f4eb752174bf09a5db5baa6e4648b50d5615c8504701589db86cede71babc83c3df14fe357ed4bfb717893e1eaf8d26d3fc2ba0f8a468d341676f12dc4f6c5612d233b072a44531ff0056c83e4fad7d49fb35e8f1f8c7f614f1259dc5b7da7ed1e1b5d3e78b699040c9adb0d8a1f908be78dabd157063fdd815b7ff0004b4f80fe0db8f8b9a4fc43b784c9acdcd85febde2f8e54926825172d35ae95727ccf91582595c0d89c9d88c7a8afc93035a2a12e6fb491ee7d5b9eac74bd9b7f758eabf6aff00f82477c31f889e1968f50d2e6bcb85b6b98ecf52b9bd966b9838e086918935f8c5fb6b7fc131b54fd98346d4b56b3d53fb4acb4e31dcb7c9b4ed66118cfbf3d6bf7bbc51fb4a5d7c40f8d37df0ee3d06dd6fb49864bf9751b5be3ba080aef62cac881d366edc6332328e1873c7e4ff00edfdfb4df877f68bf02f8c6dfc2c6fa38aeaca68ad2e67b7091cbb18a121c1230376efde60ec1d0579d81c762e963614e9fc2e4afe87d462b0386ad85954aaad2517ca7c4fe2c4fed6f85b6b37fd3185bf0c2d5cf87571037c3e6fb44ff658c5b38f33fe0468bd0d3fc29cc6bf37d9cb28f7edfae0fe151e89f09f5ed6be1b68da85bc1e6693996f160f27ce5bf4b795c00e17e6c48d13205eed2257f516719d53cae9ac557ddc52f9bff863f29c260e78993a70f53cd6652f360f1f274aaf6abb6622baef1afc36b9d26f9e2d5a065934f44574b18bcadc402cf81b47caa5c2b7fbaf5c9da68b23dd5d4b6e8b1c30aaba05e983e9edfd2bf3ec0f113c562a12a9b367ad88c0ba4ae6cf8c25f23c71e67fcf35493fef9f9bff0065abbf192c7ec9f17b525e9baf22973e9be147ff00d9aa9f8ddfcbf1243fed44abf9822b73e34db87f893a7cc7eedd456b21fa79617ff65afbfa9193a15b977e65f93478bff2f20fb2ff0023e80fd907f62df107fc141bf6b38fc23a49bafec0d034e5bdd66ee4b9cd98b32c53cf1f31db216fbabd89afb9bf681ff82637c38f83be17bed3f44d156e0b69a47db667dd24fc0e49ae3ffe0da5f89d1f843e2c7c4af87f7d0dbc3ac4de1eb1bbb094b625bcb2b499d2593df70bbb67dbfc214fa57d4dff000520d0754f8adff08b784fc23a858b697e265ba7bcbcdf2c8ba80447923b3dd1fcc2179235de53e770bb46c1f3d7f33f13fd66962a5879cece2ec7eb1c3bec151e78c6f73f10fc4dfb20789bc1bf17745d1e416d0dbf8b2f3c9b0bb87fd58b7fbb267fbae9197665f453e95d27ed31e078bc0ba75c69705c35c431846467ff0058a08c6d7ff694820fd057df5f1cbf672b4f077c37f0b6977d6d65617da05ec5a895b4884503344f874451f755e269632be921af8d7f6c5f87f25d786d6eb4f79f508ed6ded34eb88678b125bce3cc58e52dfc68c24b74c7f06d0d5f65e1ff00164bebee8e27e0942517fe256b7e173c9e21c86953c33951f8a32525fe169dff0043acff00820f6b6ba7fed17e248195185a4de19d598bf2aa2df5948fa743f25d2820f1863df15fa65f0e22d47c29fb56f8fadaddeeec5ad759f0bdd03a748acd6cd71a5410b32c12a979d0dc5af94b12b24999b77222afc9cff823a5c49a7fed37e3f8f71f365f02dcc8063397b5d5f489338eff00eaa4e3be71debf6075eb5b67fdbdbc7304d035d4dabda68ad0a0bdcb891351d5ace6092b7caecd6b0ca36ff1676f6af9be2ed3169764cf1f27778b7e68f997fe0b3daadad8f8e3c71adde595d6997163e11d3e2bfb39278e7bc4b9b7d46dc3aef5211b6fda8a8285d0819ddbccaabf3cfecf9fb49683f1dbc15e24d26c7ed569a81d396feded2f366ebc31c9f3ece4fef04664f973c8e6be9eff0082dedac7e2cf02f8bb525996ea4bcf076b976d34416385ded2f2d5e5db1fdf1975de725f0646cbb031b37e37fc2ff18df785b5cb5bad3a6f22ef4fb80f1b7f7c27ca47e98afb2f0d78babe5d8796197f0954e67e8d23878ab2ba788a919bf8b915bd4fabb5e7fecfd4a68fd1a8ac7b5f88963f1334dfed0b1ff4768dfcbb9b33ff002ed2609c7d07217db3457f5761f1d4ebd28d6a5f0c95cfcc618674ef096e9ea7c9b17fa86ff77fad6e5eff00c89167ff005d5bff0065ac3b7fe1ff003eb5b727fc8876ff00f5d57f99afc2f28fe154ff000cbf23eee5b1afa6ff00c8a7a4ff00d706ff00d1af5f787fc11ebc373f8dbf65cfdabb4a86ddafee61d57c177da7596164596e9ffb721dde5947de00542cbb7911fe7f0ef833c35a8f8bf43f0fe9da4dade5e6a571f68f221b58cc9236249cb1da39202ee27d813d335f7bff00c119f41bbd3fc39fb4ef8724b792fb51d5b43f0deab26916a04d25c7d975268658dcff00aa919d6f270507cbb1c63be3cce38af4bfb0dd173b4dc5597c8ebcb617c4c1f99f6afec351da7887e09cd0c6b7734971a54eb722f66137992c17da5945898a8ca470807feba097e67ea3adff00823bf8c9b56f861f10bc23716c96d1f83342f0d43f6b320325d437da62cfb59029ff00532ade007badc357987fc13d3c430ea9f053c68968d3cb6f0ffc24f15979e8aef2a47a75bdd2fee8313feb10aedeeaaa7f82b93fd85bf69fd27e0ffed4df10bc2f7d7b058b78fbc23a1ea9641c60bada3df5a4a9ff00015646afc530bfc17fe1fd59f574b5c428f76ff347dcdaaf83f49b5d6bc45ae491fda35e8f41beb0b5937053e58b394aef27876d908c1feee2bf127e34e83a4fc33fd9806a924702deea963fd9f00640a404c26dc0e37498280d7ebd7ed77e20d4f4cf80bad6a967258cd1de2cb04f6f3c4dbaea0645fddb491b0001009fb98f94723a1fc31fdbd7e201d57c3be16d023f265934d4fb5cd6f0ff00abd3e3264f2d01ef8cb7359e4f47db661469adafef7a1f4b9956861f0352acb7b251f538fd2e3dff000fd909c030b296fee8c1e6bf437fe08e5e04b2fda8fc37e16f0dc90c2ba5f84fc0af63730bfde7905fcc91c98fe2dc5b38ede557e7e7861fcaf0cc8d9dacac4a9dd8da40273f51d47be0f6afd3aff837c3f67d9be0fd959f8d7fb467bed27e23f84af7508d225c47613daea02de685b6fcd2c9b489049dc165afdd3c51a74de594652df9bfccfce784fda7d6e5cbb7fc31e99fb5f7ec6fa3695e13b8b4b7d274d921cbb42a912a9b75cf4c8afca5fdb5bc1367e029e268d5121be136972aa740e13cc8bf50f5fb65f18fe2ff00847e23f857c4b32de6a1147e0b206a924a8268e1019d0b968d9c330da32aad90718e715f8f5fb784ba778caceff50b7865b7d32dafdeeed925b94deac21b808cc23f901384385e9e673f366bf02e1fa72a39bd26be1e647ea59ac635b2c95fe23e52f19ffc7e6947fbb68ad5d27c604fb44de16b9e9f68d2edd3fef9697ff8dd737e269bfd0f45ff00ae55ed9f0f7e151f8a27c3333c1f68b7d1f4e13b447a4d22dc7ee14ffb3e64bb9bda3afe9faf8ea587c262b135256515197cd74fc4fc568d2954af4e9aeba7e06e782fe2bc1f04bc5be17f115ede5cd8d9e964daeb46ce578ee25d1eec1b7bc518f9da178e4cb28c13b46d21f611fb1d37ecf973f07bf63bb1874dbd8f54d53c2da8c9afd8b2cde740b6b26d06389ba184068dd48e08e4000851f817e31f0ceb9e0bf18eadac796d74b2cb35907ba4df1dd31055982ff12e76951dc815faa9ff0004befdb2acfe30fecdfa0fc2bf16c735e7893c136874f6b09ae7fd2356f0e4b01fb3488db879ab6d2470c0dc711a2376afc478e7348e70e38f853e8bf0ea7e85c27879606f427ebf79a9f193f686b3f8f1e10b34b5b486d2e20b0bcd40c9170922dbb6652bf28dca0346c1bfbacb5f25eab73278f747f124727124f09b53ed889b03f0000fc2bed0f8b7f046cbc2b753ead0e9bfd9f6fa3f872e2d7559201fe89625a2016cd5f68f327ca879597e5e23381bc57c5bfb3dde378a23f11191b7fdb85c9cff00b2381fa0af83c0e1e4ab5a3bb925f89f598cababff000bfc8f34ff00827ae7c37fb7e4f1ff00d07bc37aeaf2fb064dac970327d3369debf5c3e2b99b50fdaeef9eded5ae04de04ff00848196ee4fb379a96faeed9915e253b58c37c76c9dc57e697ecfde11ff00845bfe0a31f0ba68e1f2e1d720d574553fed1b2bd403ff00267f4afd22f14ea3711fc75f02ea9616ff006ad4b59f83daddbd8c406567b9306897d1a3678ff5b731918f97d79afb6e36a52a78be49763f2fc9657a49f9a3ca7fe0ad7a0f892cb41d72d7c5716836379a878135bb7b68b4681a2b2803e8b3ff00a38cee05d05ac6f9ded94b88b818c0fc3dd36771046ee9e5b48be663ebc835fbe1ff0005048f5df17fc07f09ebbad4eb74b0de8b0b69e5891596d2ef4c952081d923447119170c194b8324aa7710463f9fed107d8f4eb78f9fddc4a0e7d7033fae6b97857475e1e6bf23bb38f869fa1e85e11f883268776b7224905c852ad3447efa9eab20c8c9ce0e3d403da8ae52c354f24eef6c7f2a2bf40c366d9861e1ecf0f5b963d8f9ba985a3525cd385d9229f95ffddae820b7967f07058e1b9b877b98d238add4c934cee0aaa24639776628aa3fbc4573eb5f58ff00c1223f67cb7f8f5fb56f872e35ab0fb57833c0b7c9e22f10338fdccc22490d8d9b8fe2fb4ddaa214ef0c772fcac64a7d1617111a14abd493b593fbc88d394e4a11ea7b2fc36fd8bbc41fb107c3fb7b2f18dbdb47e2cf1069c45dc9a76a2b711e9f66ceb72d66255f94c819a29242bbd588508e5146ef4aff008277e993784be287c728f475f275793e1a4f756e91ace65678f56d3198fee7e76dcb203c7ca3ef37095da7fc146fe237fc244927ef8cda94779f689e63d221ba15545f6924b95cff00d7bd79d7fc136b5bb7d7ff006a4f1059ea573fd9f25f7c2cf115b4b37ccdf6296cfec97493ec5e5fe5823e3dabf13c766157195655aabbbb5be47d752a11a50508f43ea9ff008264786ad62bef881e1cb49ad2eeded757d5ec227081bed2f71a5dc44d2481544856511332a92c46c3cfa7e647fc1477c437be01f8a5f0bfc51633496d7d169ba9e9d2b42a523448355be88a853c801564e0f3cd7e99ff00c1253c51a6f887e36ea7609757d36a8de25b76589a3758045e5eae64704fcdbcff00685b161d9e59076afcc1ff0082c0e90ba55c7c355fe285fc431e79e1a7d423bd4ebfec5cb55f0fd28d49c212eaa5f99cd8ca9ece6aa7667ba4ff00f059bd76c7f654b5f08ea9a25a6bd753e9d7105b6a42e3617f32378e18d97fbcaf22907fba057c037be2ed552e5b56f125ac9349ab6646ba77dc58127033e807150e89777d1fc35b2ba1c5c48cf6f66dff003ce25fbcd9ed8e133ff4ceb0f4a9644d075064f3fec701df1b1f9e2790fdd3b7b93cfcfdabd9cbf2da787bce3bbd0bc7e3a788e58fd95a9ec3f0e7548b58d06e1adae19a3f3a4e9d47079fa8e48f702bf45ffe0de7fda9f45b31a97c2bd4af26b7f15dbea52dce848d136c9b4d9217b99a38e41f2a986e4cd210fc112c47f82bf22fc0de34baf07ddcd3468cb04bf30817ef03ea3e9fc89afac3fe08cbacc371fb6c6abe2cb80b1cde0ff095feb8157eeec179636b311ecb697778df9d7df71467185c7e48a8d4fe2455d7aa3c9e1f53a198a70fb7a7df63f663f68cf871a57887f675fda023d2d638b5597474324565fea15632b2a018f973fbbc8ff65857e4ff00eddbe12d5bc7bf08fc39a869d65757d24f6e27bf1ff3c628d648c9ff0079b6ed15fab9f1ef4f3ad7ecff00af4fa6dc58b5beaf225c9096eef71721a341ba426450c06721593053e82be45fd89be19dbfc76f89be0df07dc497135868306b9fda3b542aea25a1d396389c0000c2ddc840031827935f80cb11568e228d68fc4b73f61951b61aa43be8785daffc139bc3363fb3fd9dee97e5eadae59e942ff5ab09136dccd2343e6ce2ddfe5f364823c129b5b6a0fbc3a1e13f63f85b4af8dd71e16789248d2d5350b428bb56e31bfa0ed824d7e9dfed09f03f4ff857e27d3756d32c618ee341bc8b5384a45b0c86262cd167d244df19f6735f9e69e0fb7f86dfb73685676ac1ad97ed5636e738063f3b10b0f66452e3d9eb48e758d953af839ceeaa2fc9a97e8783532bc3c1d3ad1e8cfa73e127ec0be16f8edfb37687af6b7a5adc5a586a5a9bc25d7725e247792dba161dd59635623fd8cf6dabf14fedaff0f57e1878d6cf5ff0fac9a46a9e17bf3a59b9b4668a59edc8965b6946385957cab88f77f10c57e847ec5ffb4eeab27ec81ae4379e1855f0efc38f0b5c5f699732dbb5acbabdcc77370b709231660cad2c526dc046650c5972c31f1cfc74f84fe30d66c3c45abf8a9a3b86d5ed5cda5cc65923d4668d63bd2eb11e02c4b0c883672df74d73e0eb4f0f5a3514ec96b6f5d4ecc553a73a5248c5fda23fe0a7de369fe06e93e19be58359d06f92cf51b8b88e4f26e2eed2686291e12c3e5ddf3361bb102a4f1c78a63f017ecbd75e39f87f0e9b25ac76f05d5abdcee915ad1a543ca0fbaa09c3aff0e31dabe3ff0089dadb3fc1ad2edd1774f6f38d0d3d84321287f08918d7a87ec83e3b9b58f853e3af86b7d3406cf5ef0fdfea5a02cb2a85b6d45222df64553f7dccc88e13be6bfa231d93e4d531b4e54a972ca708ce2f6f79abaf77e4cfcae39b6631a2e94a575769fa33dabf65ff0088c7e35f8a3e01f8eaeb4f8b4667f8956ba2c91473798865bb792ddd973f328dca7e5c00be6e32fd47e8578df463acf89ff6775b5bc1606f346d7f4666f9245b32de1d8e38e4753c7c9269a1f6bfc87667ad7e3dfec31f15ee7c27f18fc2de0c95b77875fc75a16bda317387b399755b594aa2ff00764b752187675cff00cb4afd8ff8b93dc69761f047525b68631a4eb3796804ade5c732cd63e26b731b49ecd24117fb0a85abf3de36a91ad3a75d6ed2bfaadcecc963caa488fe3f7ecfb75e38f803e0395b5a5d2754d9a3eb97b049334aa21b78ae961b15752158a7da59cba7c84c51801f6efafc1dfdaa3f64ff0015fec95e3a8746f145b44b05d890e9d7b04a25b5bc8518a70f8054a178d9d1c608e412315fbd7fb56fc3db1bbf871e03bfd6b4b6f17ea50e9ff669e5b10b1d9d93fd9a375f2a36fe25539661ce6723b1afcf7ff82cc7c3787c47fb3d68ba969f1dd4773e19be4b8916e7fd62dadc29b7917fdd122db1fcebe5727cc6586c7fb2fb32b1f6598e4f1ab8155fed2573f34e0bbf317d28a5834be28afd1a5a368fcfef7346f6e7ec714d232878e38dd9d4aee0405279fc40faf41c915fb0de17f8077fff0004c9fd88f4d92cee278fc57a4b5aeaff0011ada3b968ee2ea7bd912d11d0afcaa2d0cb042aac1d1c798eca85cb8f81ff00e09a1fb32cdf1e7f68fb7d72fa1897c17f0afecde28f10492ab15be115c7fa2d88c7f1dccd1fcabfc290dc498f92bec2fda37f69bb4f8bbff0b0347d63c471b5b7c44d227d16f60548daded26792292de55942a184c720575de3601c175c572f16661255bea74fafc5ea7765942d175077ed6ff1121d53e3bf86b4abcbafed0b2d634ad4124610ecccd64f03a103f81e48e4914aff007597d2abff00c133adad35ff00db3753bcd6aead6d3c3fe1cb0d57c2daadeb4bf6711c3771da69b33097a2b6fbd5605b8218a8c486335f2878abf68393c496fa56adab496ebae78475cb5f324867dd05e1cfd96ebc961f2e19402ebd8257eb0ffc1113f646d37e25ff00c123adfc59796763a8789be2f6bdaa6a3a94f7436fd8ace0d56e6d8db80aa4ec792d9a423eeb1542dca257c6cf0b52149d5eda1eb527cf5151ee721ff04dcf8b3278ebf6e46ba96dee2cc7f6ad9dc2c53dd79f2013dcd9c5708e7e505d5de204220099ebfbc05be16ff82d8e97358ea1a64927fa94f155f595b7fd734d2b4c27ff0022196be96fd9fbc35ae7ec85fb69b4dab490c49a859457ba6babf9ac521bab1778f07e6fdd08a339cba150a030666cf907fc1787c2eb6561a843bb749e1ff897aadac477efc4571139519ff65200b8edb71daaf20941548fb3dacff439f38c3ce0dc6a6f747cc9e0df00c5ad7c258638d636363a3c16e037f0cb3a19a72bfed60db9fc0d7da5fb22ff00c11cf43d53f64d8fc57e33692f0fc40b11aa5ada452ec16116d261047f7b9590fd6be44f076b1f6af845e2468ca88bec259188cecdd630c48477ced6e36f39c76cd7ec4fc2bfda4bc33acfec1b6f3f86eddb5ebbf87b65a7e833da796f0aaea1344a90a238f95a276f94c8bc673ef4b39c457b3853d8f7727c3d14e33a9d8fc25fdaabf677b8fd9b7e2ddc787e4fdedacd11bbb5980e4a972a51ff00da5db5eadff045bf89717c36ff00828af83ecf52861bad0fc7365a8f84750b69ff00d5dd437b6e42c3f59268e25fc6bb9ff82a8f8275abcf027867c5de26d3ff00b2f5c4d5e7d29e2595658650625666899638cf9798d40dca0fcbf79fa8f8fbe1ff008cff00e1597c4bf0d789e1ff005de1dd56d754fc2da78e61fcabdeca6bbc4e02d5374b95faa3c0cd30ab0f8cfdd6df17de7ef07c72f0bfc55fd93be06ea50e83a7dd78f7c02cc6eb4dd4c5ab5c5f69b093bbc8b90bcc6cb8c79a78048391f7139ffd81b4197f648d3afbc49e2c9b4fb5f105d4fa94b7c934ad0a2ce45a442ce164577c85855555572cd0127ad7d91e36f8b90d97ec9fe306bcdbb64861d3af2330f9c6f96e6ea3b52aa9825de5136c451c99180193807e5bfd8cbc356d6be1af0ac3e2ab869adfc2bad6a367713ddc4cf716e628ae56192432aac86556b8d997442482768cf3f1d9b615517171ee8faecbf1952bd347ab7ed2be28f117c5d5d29bc136763a85d5f787c6b3a75bdeefb6b7944d81189d97f7a01dd82a3b12cfc95afce2fdae6d57e16fed3bf0fee249e15bdb0bb5d2af7cacecf3a2881e09e4e106013c90066befef8edf1b6e3c11e2bf077c40d3ede5b3d0b58f0eacb733dcc5982d900122c4ac38691e1954848fa6c3e95f007fc1503ed13fc429fc450c2d0b5c3e9badac6c7e758ee21b8650c3a86dbd41e7d6bc897b39d551efcff933d6a987b526cfbbbf665d1acfc51ff04fdd4f48d2f4db8beb7baf0f6a76b3b418dcf73f69b98c47c91c0c2ffdfcaf967c7faccbf11fc33f08b43b89ade6ba9eeeebc317ed0ca2454b8781ed4a1209f991a684119e09af41ff00827c6a3a0fc63bef8c1f09f5b68edee7c3939f10e981c84592d2741e63a47feae5c49b5483f74b8af103a549a4fedddf08fc13a42a2f877c1fe368354b845000478673338e38da11371c71915c918b4e119797e48e8954bc647e68fc55d6675d7a0d3cff00a8b5b992ff00fe04e9127f38debacf0247751c369736932c1a8d9dca6a7a648dd239930307fd87fba6b0bf687d20e99e36b790f5b9f3c1faa4edff00b2b2d757e08b0f3f4db77e7ee0fd2bf61a18e9d4a14b112ec97fe03ff0e7e5b8ac3f2626ad3eecbde0e78ee3c63a2f882285ade1b7d49e1789bef4205c379719ff0069408c1fc2bf733f693be8eebc29f0b2eb67991da7c63d16c1d493f3c373acea11b838e7615b8c1c739afc35f16dcb78563b8d56403ec9a9247f6c90fddb7b84e44c7fde5015bdc0afdabf8bfafc737eca9a6f88959bec9e1df1fe9dae39f3bcbdb1c7aa686eb85ee36df4986cf1d2bc4e21fde5353fef227032e5a8e3e4cb7fb6cf8cb46f0a7eccd36ada84de24d7b4cf0de909776b6fe1f475b5b5b3b584a4d733bef01a6730b0f2da46c2b06dac4bb8f967f689f0fdcfc51f83c9ae7989aae83acf87a33347f69464759944c1760e71838f55e6be9cfda5fc0175a0fec77f1a741bfd1f44998e91a9e8f25c9b04b4bab49ffb3e196178ada1c0f2945a79666382ee1240bb8346df8fbfb657ed31e2ff0084df1db54f0ce93ae5e2f84a4d2344bc86d8aacaa167d0ac98a292062166dcc00000cf1ea7e5b0b8158aaea14b74aff24d7f99f60b3bf634796aedb7cda6789fc51d2a2d3fc7baa0b5d3ff00b26c6f665d52cec8cad27d8e0bb8d2ea280337ccc228e548c33fccc114d158b3f8aa6f1a6a1757d71feb83ac4dfeeaa2aa7e8868afd4651e57ca7e7ea5ccb98fd13ff8263fc30bcb9fd8975ad360bc8f497f8b3e29926d42f23b7f36f12c7475920f2edf77c91b47737e10b06393aac2aac9b4a99fc7ff00b2949abfc5ed42dece169a6f0d59dc471497974df67b8d55a1616d62859b32146dcd2b82a330ba132a16f2fdf7fe090bac68faafec7ff0bef21982ddf856f3c47a15fc3dacc5bea377a90603d66fedbd3896ee6c615fe1accfdb9e336ba0787edf4d8fcb5fb5cd7339f3bc9f25a38a3113eeff0069a6b827dc9af98e209555985673df999ece1637a291f02cff00b299fda0be2b6a9aa58cd75a7e9b7f2c2a96ab6f8ba496547135bbff00cf368258648df3d3c938e1abfa02fd9cb4bd3ff65cff00826e7c1bd1f45f0d5d78ae283c3252d6c22b9891ee764af70c5de6610ec2d21277fad7e755bf88f41d27c007c45a7c36c89e22d4a5b9bcc70a6e1b747760ff007c4bf27cbf74170cbf78d7a77c44ff008298d9c5f08fe13fc1d86e35fb0f1543e2ad3741baf2a3f2e38b47b8d4d2333acbda430b4b0141f326030da76483cd9632a4e9b8791df858c635a3267955dfc199adbf6b6ba91f4dbcd09bc54750115addba4b691995679c9856391822b3dbcab9554cf9526f19c572bff0702e8cd710fc4e9634f2fecbe3bd2f5420b86cc7787588f3c76dde5e075c62be809ed2d74aff0082866afa6dddc24d258e89afc2b62e8b2cb61731457e42c47ef28db0bb11d0091c7a579aff00c1c1de1e5b48be2c6a8891247a8b7852e15637dc311ddabffedf1e3d3158e40b92b45f9bfd09cfab42aca52a7b591f98bf0a35fb8baf0eebda349b76ea5a717b6ddf759d4aa383ec7eefd48afdc0fd9bbe16e8da3ffc12db5a86c216b39f50f0b59eb11c8d134ac6ea08e378b2abcef063007d2bf057e1978aa0f0deab243713baf980cb14c31b629870ea3fd99233b401c974415fb81ff04abbfb9fda7ff61f9adf41f15ea5a0cda191a3eac2da631c505c471acebe5c91ed716ef0c91c91f92d8459446ffeac13dbc41467cd78ed73bb87ebc271e591f25ffc16a3c59ff09f7ece9e13d4960fb3358cd6ad750ffcf09d9e3465ff00c7ebf312f896d2ae76ff000ac807e191fd2bf49bfe0a1dfb3add5d7c1cd4bc1ba0a5d5f5bf84b5249ec467fe3e6e59c3cdba4ef218e49173fde603bd7e6c6a16f73606f21ba86486f210cb2a4a36c8b205e430ecc0f047a8adf84ebd39e16707f129339f8ba9ce38a525f0d91fd057843e2d59ebdf01bc197dac4cb7516b9a5e9173aa174dd1cb6f6966ba85d6ff0045f365233eb6e077af27f017c55bff00da2bf621f8b9e21d14b69dab6adadeb971a3bb3f98d04f1aa3dbed3dff007aa07e15e13a0eaedfb47f84be1efc33d1f50bcd26c2d742d3f41babd4b99238910d9c7be1daa0c4f24d7b73364cbdd2303922bea5f863f0ded3e047c02d5340b392392cf4c90cb1148cc6bb42c6546d201520a60823a835e267956f09d4fe56776589c1c29ff32b9d0fec17f183c3bff0502fd822fbc41a7c7a4784eea19bcaf1659fd963fb55b5d2c5197586e1be68ed2e638f24633cccb92caf5f05fc76f8971fc70f167c6af11798f2787747bcd0348b199ce7ce8a1d48b5c49feeb233b0ff00648ae47f668f1c49fb3feade2cd0a1b8b8586cf569ad92de11b5a44f3731a98fba1db1803debd63e22fc3eb0d17f656f12f82f4f4fb4789b53b48f55bd19ff005d753dca0d98edb4cb00cff0e315e5627110855baf2e5f46d1ef28cfd8c65395dee617c4a8b50f877f1bbe17f8c2de6b885bc43e1b4d3aeee2299a263222293112bc9cb2dc641e089d3d057af781742b1d2bc6ade248576c363a6ea57318fee37d99b3f9248c3fe055c17c25d6adff00684fd9ed744bc8592ff448527f357ac33aa92b30ff0069c6d576fe3db9ed5d5f84346d65fc15258ea5a7adaeab756ef6d737adfea52d554078d7fdeda0d7cbe3aacd72c1fc506d7caecf63034bf76d9f197c52f81975f1dbe235ae8369791d815bed62e67959b07c98d2d0c8147f136549c7a293dabbaf8b9fb14788bf65af07e93ab6a77697d6f7d1afdaad987977160e724a13ff002d31d01f415d67ec2022d4ff006b5bad625b58ef2cecec756d36047e82496028edf52f228fc6bf403fe0aad0787fe207c1ed42d74fb18e4ba6b4772c9d006cb01f80602beb2a67589c37b3a1195e2944f9fa993d1adcf5670b367e4a6ada543e24d0afb4fb85dd6f750b4532ff00794f1fa120fe15facb737736b3ff000494f115e411cd24b0785b4ad65e5116e4626cf44bc2c5bf87fe41dcd7e42f84b5a8f55d26d5ae39b8b43e5cdfefa4983fac66bf5a3e126aaba97fc123756b78fc9dda87c3a82c62ddbb7fcbe1ed56d5f663e5dfba08b3bbf8718afacce35c339f9a7f79f0b4e3cb88e4ecec7bc7c605b6f177847e21596ebcfb65faead736d0c50ed86c22b78e5b75f3f63e1cbac12f959382b7570183b948dff053fe0a4fa34965fb407876f25747935ef04e817ce54e40616cd6846727247d9f07a7cc1b81d07ef5eafa9dc7897e1fde49f6c5d4a3be82ca2bab05b4b896199e6825bbb70cd1a03bd58c7ff3d4cbbd513ca9f632fe19ff00c14ef4916fad7c13bc8c1d977f0b6d221b88ddbe1d4f548db38cf25d90faf7c0ce0797917b99ac7ce2d7e5fe47562d7b4c1b5e7fa33e67b57db0a9a2a587ee515f7dd123e77a1ecbf047f6b5f1f7ecb5e28d5ee3c1bad4567a7eb97315c5fe9777179d657eeb1b6cdcb904b61c8dd110f90818aedc8fa83c5fff000529f06f897e0de83ad69b6f247f101629a1bed2351dd35a5b389930eb34683cd85ade54750e14b3c332b91b15e4f85f57e1a1ff00ae31fe9183ff00b3d578b8fcebe9736c97078cc673558db99dc9a38aad495a27e8c697e1cf12685fb3068fe33d3d97c4d07c42f0c26b9e44accab6056e4a82513eeb0046e118404c83208e9e2bf14fc6175f0b3555f1b788aee69b578eeed6f2ced942a48ed03c6d1ed55f951539c01d324f526bb0f841fb65b687f087c13e1bbd85a6f08fc38f850359d4117ef6a172d7b2402d57de4ba9ed623ff5c8d61b7c04d6359d1b53f1678f269a7f10de59493b98fe7fb0a327fa9813fbdb4ae6bf2ac761feaf899c65f0a765e87d0519fb48247e977ed16eba9ffc15d6e350b6b1b3d263d52e754d0dededed5ac7ed3f6749239ee5c9044b23194311bbe649626c1cfcbe65ff0005e4d3d7c47f0d752bc8ff00d5ea9e068afb1fed471f879a2fa7cd2bf15e97fb47c4d37fc14a7c1fa85ade59e9e9ae5d41ab5a5ccf7604317f6a2447773b42b3c6d2a3284f995a462cc4d72fff0005848d4fecc935ff00ef05abfc316920f3228c30f225881cb0f99cecb28c91d8935c196d471ae9c7a54ffe483194f9a8f2f97f91f8dfa57ece3aa4df095bc6da94d269fa6ddcf141a75b9199350679580914ff000c68b0c8c1ff008b68f5afde0ff8219fece363f037f6125b7fec78ec758f176ed4b59598e77cb2894c41c7f0aa5bbc7181fe35f107fc14cfe11da783fe04fecf3a2e9b0c76b26b1e1cb286747e92c8ba75aac6df819b6ffc06bf60fc05f0f24f86da5466de646b7d905b3c29d36a28814e7f87200e7bd2c7636bd55cb576bb3eb30f9761f0d4b9a3bc923e65f1c7ecb367e35d31a36b5dcb0dcade107f8879b2bb0ffbe54d7c65ff000594ff008277784fe1ff00c329be2142bf67d6a4b986da168f6f99717329672a41fbc88124761d9457ebbf88bc2ce52dff00b2eea0b4f24abdc384dd70c0201b57d09ddd7dabf3affe0b77a5ff00c2cdf8c7f05fe14e811fdab5cd584d7770d72fb8b4f7f7096564ae7d8c77248fe15995abc5c361aa52aeaad395b975ff00807a6ea52c4feeab2bc7af9799f36ffc13a3e23787fc29f032e57e55f126919ded37fae8e623208fcb0bec4d7d25e36f893f6dd075658fcbcea1a6cdaa864fe344fb35c393efb7783f4ac2ff0082ac7ecb76bf0ced164f0edac3a3ea3a2d8c1656f711fde963863f2151bfda2a855bfda635f3b7c2df8f5ff094e81a0b32605ab4ba6dca7a24904b1b0fcc628a3fbdc3e2e76b5daff873cecc22a962f0dc92bc52697a7438bf811f03b50f8cff00b70ea16b6337d9e3455bd2e5776d9f66c1ec0160ec59b85049ec2be9eb7f829a4e8ba8ea9a4c73f97e24fed2b2b7d47502d93342b776f75131ec3cb8edfcac0e311823ad781fecd7abcde0ff00da52e2f6d6eb74771676f113ebb5b1e67fc0d3caff00bf75f48491cf77e3bbc92d5f7c978dbb3ff4d17918f731c92fe0b5f3b9a62a6aaa83fb291f4581a3cf4b9bcd9e7bff0004f3f01cd65fb4df8b34fb511ae816f7972200fd00371fbbff00c77757d39fb53f8334df017c0bf12eade723c8b693410c29d04b22ed07f1c5703f083e17ff00c29df8bbac5c4e9ff12db8d3510c9fedc92972dff6cda087feff0057b36a3afdbf8fbc0b234d1dbde5bbbca6513fdc3f2f5ae6528d64e6f73d051942c91f07fec87e085f865e07b7f1bea0d1d8daa5cf991cb71f7887b9440adfec92c3f1c57ba78b3e29dafc43fd9aae3525558d84d369aca9f755a291d081edf2d7cbbff0506f8d4df12a1ff8443c0f6f79ace956f2937779656eed05c38c848e174e19448d9671f2310a1785a9bf678ff84ee5fd95353f0cde78775f8f509b537b9b49fec52379be626e2772a955ce7f8cd7b3fd8989ab416327eeb934b94f02a679848567866ed64f53e3fd775dfec3f8a9e20b58e4f2edfed46ed0fab9c97fd6bf62ff00e09bd7ff00f090ff00c1316cf4ddde634be19bb1912ed0638a5d620f9d7f8d37ce9f2f73cd7e706b3ff04b7f8a1e2af16c7ac5c2e97a3c6f8726e2e23561c8c8dbf42791e95fa4dff04e0f859acfc26fd9d57c0faa5f5b6a53dbdb4912cf6ee5a3686f35488a2863fc612f641b7b7deafd071d2a72cb95396e923f32f6ca58de64eeaecf64fd9a7c4ede2ef83f6362d71a7dadf78bbc0ba1dbcf7573ab9b4fb3ba69965749262489626baf31a56865123bc6aeb9084851f8d3ff00054cb45820f862ab2c532e9f75e2ad194c4e1e3558357dc8aa47501245033c9c64f35faabf003e28c7e1df831e04965d36defd6d7c0d6404d2412dd3da4a8a2d40b6da58472b0b58a3921501ca39914ee9541fcc9ff82b39b1d57c13e14bcd35a16d3ee3c71e2e7b6311ca186f0d85cc2470072a5c9c7ca0e7181803c4caea72e6d41faffe92cf4ab7fb94ff00aea8f8ca33fbba29b6a73f9515fa45edf87e47ceb96a6e5cf1a6d89ffa66f17fdf0e7fc6a251f2fe7530e745b75ff9e12491fe7b1bfad44d5f6127efd37e48e091f587fc130bc07e16f8b3acebda5788ae64b8be8e7b5b8d1ecd4fcba8430bdcdd5c4417f8923ba36536dfe22ccddabee0d1bf667bafda27e335af82ed355d3f47b49a0ba9f52d5f5457fb2dadbc5034d2cad8e36ed8d029ece467a57e697ec5daa5b786fe3678535ad42c751d4b4af0fea775a96a16f61208ee5a0485149425940c33a6ec9195dddf15fba7ff0004f2f1efc23f8c3fb587c48d43c07e2cb4d4a31e11b8b98743bf8fcbb7b4b76b9b679a594491f98161658880db83799c1c735f0fc67945b14aad2d9a4cf7729c545d3e57b9e1bfb6a6ab6be14fda5fc10f05f36aba5f86ecb42ceb91092d6deee28ec6d598ab33aa6d315b875922675db232ee621c9d4ff8296d9af8a3f651d1f4f8db7c97fe0df126911e63e8f1d8eb2f8dfec4c000f403d6b73fe0b09adcdad68da1d8dd6ad7facdf6b97167a90381a6c734e8b34724d6d6ea93158becaf2aa4971e6aa80d22b391b933ff00688f085d7c40d1fe166830a22dc6a5aef88ecf2332241e6a2dae5d012e1365e233027800b6008f15f9e60eeb10ff00c6bf267b59947929f2ff0077f547cd7ff0506f195af8cf41fd94f58b87f2f495f02e8f7d31ff006644b0925ffc716bf5f744d4a4b3bfb8476f314cccc87fd93cff003cd7c15e3eff008276e8ff00153e1dfc39f0ff0089354d421d2fe1bf86ecfc31631c4e1575086da0484ccec42812111a93b0e38e95efb77a3f89b42f0fdadaaf88f55f2ac6dd2288fd9e14f323444553bca3eec868f9ddff002d7a0ae9a98596f39db57f71e94f3ca3c91a4a12764b6d8fa47467692f9515e34dc36ef7fba8090093ec7a1f66afc64d4ff6ab9bf68dff0082b968ff0011747b7bbbcf0dd8f8ceca0d267b7899a18b4ab5610c32330e151f6c9707de6afd12b4f851ad78b2ce45925f176b30cd1ec9a6b67bc9ad2ea3921791f0aaf1a942102b6401b98f354aefe055be906cde6b5f07e990b468c3ccbeb35724a29695907ef89dc4a6d0588f2bef1a718538a7ef99d0cf27194b929abb56d763e70fdb0be25ea3fb416adf65b3b5b8ba554188a140cd91df07b73db9e457c95e13ff00827efc56b3f8a3a86b165a4dbd8e8b7b20b848aede4b79379cb31cb295c12a98e6bf4da7d5743d0cbaff00c255a6ccaca576d8c37737919dfc3a1510ae3f7648cb1c03f3019cf3b63e33d265b684d8af8e758b531a9db63611d95c4c7e4cbabc4d20dc7cbc36f03e691ab8f0982a541ca6dc9f376d8e5c76715b1108c5a82e53e45f869ff04ebf1a41e326d7a4d434e68e20f1fd9a34f31d774be6796ad134a32bfeee3fda1d0fa3ebbfb0b47e38beb71ab78baef4b96daf23bdfb169d70bbddd22942f9864785d331f9b9dbfc2bdebe80bff136a11caad71e17d5664df875f116bdb1adf3d434bba1e3fd9e36f4aa51f8caf2c62b2fb1ea3e04d3e1b8b87b509318ae966b8f9a7748d9a3732ba7da1481b9b1e7e327ccac6b50a1ed3da72252f395d131cc718e3c9ed1f2f946cce424f8650ea8f0e9f7baf6bb724796af2ddc4b6714bfea1439716ff31db34218f9ee00258fcaa48d7f0efec830c9a1c36dff0008eeb17ba4c9024b8bc13dcdac8086941264764403f767ee8252607a114baf7c5a3a742f04df152f34eb7f31209adec6da68a198b65176344a1761e3041c326e74f954d70da9f8cbc39ad62f1751f146ad7b35c43059c17f3470c73a4b13cde6067605308a42f985379e0161e6b471eda34b5a76bf946ebef25baf5be36daf3959fdc7a149e01d0be1cb379b378274560a516dad6e6de69157649cbc10a8718db0e55ba2b1f4150eade29f0adcc2d249e28df0dbc728b86b3696470b99f1bbce8f6201fb8c912ae5bcfaf1bb9f881e1fb86b39ac3c3f7d69757f776d0cb1decf26cdae3e642806d12091a18f6005b6efdcac46c68afb5ff125adb3c76fe1e3a25d4b67722546b2f3aea37c052d2ee5fddca91496adb01b80ad711174d8335854c6cdbb4a5726385d7e1b1dbf897e2bf83d629e6d2b4fd5358b58d27691e157b69e12e92aed0236284aa392af8e76427b572327c52bad2dd7c45e19f05e9f75abb3c53457babbfd8d2cda2b9927460e8e8e5433b30466d988403c8a8b5db3f197c48d3a3d3edeeacf4fbabcd664d374c9bcf92d655fb414daaf1db9919a710ca632d10216428d88b6cb94f0a7c2df10eb1aedc41aedc477ed36a315a6b1a4cfa84d6a9a1cf25e7cc4ccc7cb8678a5936a9904a8b1c9007468fcc2fc7f586caf6128ec7ba7fc13dfc4fe19f06fc3af06e93797fe4ea1e1d82f575eb980acc74e36f0c6eb2469b8bbabc1a8428193761436c7129881fcc3ff0082b7f82dfc13f0f75ed0ee91a3d4bc2ff176fa0b84518b64379a74d2622f541f661b5bf89769ef5f737c1bfd90bc45e06f1c9d206b90ae9be21f0a7d96e2f44c6fad2cd668c4133c72c4922384972ea0cbb5e399c79e403bfe33ff0082ca6a9378e9be2c6af70d08b987c73a26ab74215da9e64f06a504b81938f96480e33dfa2fdd1ebe575a13c661f97f9c9953e5a3523e47e77dafdda28b5e168afd40f968ec6f4326fd3ae17fe9aa4bff007d6fff000a8472296297c937907fb2cd8ff819ff001a643c449f4afb2a92b4a0bb392ffc999c87b9fec7579fd83a6f8bf589bef697a67931fd66963ddffa0b57b3ff00c13ebf6c6b3fd833f6f2f05fc40d5a18ae3c39ba6d1f5f8e52ccb169f781125b8d8397f21d619f6ff1884afdf31b2fceff0002b50feccf851f102dff00e7b0d2a3fcee5fff008f537c6f3fdb60f3bfe7bb17fcc9af9ae20bd4c4dbc91dd859722e63f5a3fe0a19e1b87c41e06d3fc71a85c6ade306d6aecda4facc1aaac963e21cc76f2dba45142419ade3b89cc4041855568dc8762646f5ef82576de39f0f68ba85ae97a3f8de1b895ef74dd5e6bcdb299258e079caaefcbab4f671b1dbf31db93d6bc0fe1de8f0fed17fb177ecc3e17bababad20c9f0d96d74ebab3b4867493c91a71b9648b2ae0a35bb3bc9b9416b09232c9bf7afb0587ec2bacf80bc61f0ff00418efb51b9d5b4d82fb50974bb0955bfb1e526c8c798c148832cd7e619902c4272b97f95d5d3f2af672a1567757d4fa2a951d6774ec7b9693e38d52d56db4fd3e6f032dd4e8c23b26bc6bc32f1ced8cbca18b0723af2b230ef5877ff001de4b8bbd3fc8f888d0c7aa65bcbd0f4d78e6965f9e6f24b441152574b79195037992a9de118b4759be23f805e0bf8236936ade2df14e965ae526b9b38f54f115afd9ec192e2f1a795e338693ce0d68a012c23254991b6ee6c7f077883c0f1f8b7c35a0d8f8c2df54bcd4b56d3b4863a7432dcac0f2a3b485de2f96289ae99d94712663607f7719ace38af2b12b0f27bbb9a5a2f88f4df88de25bcb7874ff1c6b53c6b148cf7f3472dbef78a595555c16df8104abf282ccf03228667546e1747f8a16fa8e8d6fad69be09dd2346cba8a2ea124e567f2e75c46e548915248f61fdd2ccdb832031c61dbde3c63ab7877c2bf033c5577f0f61d3a2d423d2a4d434d59d3cb82e75436c278649d9130eef2de44770c106383a026be13fd9ebf6d7d2b45d1ed7e1fe9be05d4b4bf13780ed45b5edeeb77f141b66810dafdae33100c9232379cd201878c488b99047b729622a357ec7a588caf920a52dcf78b4d67c5dff0995c5ada69ba0e830687393a839b486280c0ced199101770d231d3ee9d5448369ba886e6685c88d20f881f182c748d26eafae163d52ca492311cd1c0b7acd21f2805898234ac5ddd639729fe8d11425116bcb3c7bfb75e9f058e876fab7c42f823e13b8f0f195215b3d52d2eafec434de62cbe5c8f1cd33856958295c3cb0a17189e4acaf0c7ed136ff1dbe28e83a6f84fc7f7be20bdbf5124317853401a6bb4b188dee965966b692336c218e7cbcac7e5607009224caa46728f354d99851c3c9be4a7b9d97c31fd9c35bf196b31e8b05d7d85571aceb9e4036ffd996bf6596280966c2b89196dd5002cf1341744f97891aa7d23e025a78bf4ad7b5eb3b8b6d53c3faa5c5ecab2ea31f9692452383649000cbe7492f9092a34603abc91b127cedc9523f105bfed2de20d63c37a5edd42ebc23a7da0d4746893ec735c8f34c7025e4f072c56479014c2a8dc8c50b967687f6abf0dcdfb34fec9daff00c4093c3f6fab5f7876380369daa6a535e436ce088e153fba46f2fe50482c724953f2571cab46738d38eef43d1fecdaea9ce52d8ecb5bf017c35f868dad6a179ad786d7c416f752d8d8d85ddec978b7f10b478e76971b61793ed12dc08f0911708d103b64565aba87887e18e856d34cda95e5cdd348b32cba5698d2b2c8622a912cd032c3e52b5c5ac8b23e0ac91890f964971f98727fc1587e236b60dc59f86fe19f87666b54b513c3a4df5cb6c411af02e6ee656e608b8d814f9638ac5d4bfe0a17f19f5479b6f8d24d2da4732b8d0ecb4dd2240c793f35b410bf5e70493ee7ad7b4f877107053a89c743f52bc1bf19346d3b50b19343f02f8b3c4103e8d3d89b589d99b32c892adc6c564759a35826f2e52448e5e294ae5ce73f5afda1ee34d9e2d4b52f087865ee951fed5a8ebfa9ec79012de7432c971247e759c8d90b107fddc52e4b485779f29ff82667c5a8ac3f675b1baf8a89e20f1c5f78ba4f1078e2d2f750bc6d42eecb48d2d34fb79771998f0d3c53ac6b8cef9bd8d61ffc1615b4bd47f67ebed5346f0fc3a7cdf0afe204be0bd5ede18176dd249a7dbdddbdc00bc292b770c38ea1e335e5c32baf5317f55a7fd2dbf33d6960e34f0bede5d0f46b8fdbcb4fd2f51d3e46f89ff0974fb85d463fb025bdf43773417324d16d823fb0fdad142c516d40f1b82db41c8aaba95f7893c1de3bb7d3756f8a5e22d26faeec57c5926a56b337d8aea2b4db087370cd6edcb089769329618251892d5f8e7e37d7daeedd9617c471baba9cf2c41c707b704f3ed5d4fc41b5f1f5afc3d432f8a355d4bc270db9bb8ad8ea123a44a4fdd78cfde03b70e07b57d9c3c3cc5558bab87fb1f17a743e7239f61612b568ddfd9f53ebdf8c3ff0587d4342f064de03d3f58f885e24b16176f7d2d9ea767a28b992ec2bcd09b94826b921373295493caf9805f9361af9bfe2f7ede937c48f821ad7806d7c2567a2697e239ada7bbbd9b509f50bcf32de58e4dcbc450ab48d1c7e648881d930b93d6bc1eded774bb7fbb4ed76c70967ff005dc7f2af4f07c3f83c3a8cbed2773ccad9856a8e4e1b172d6cb61cd1566c6df36df8d15ec4b57738a3b134a7fd3cff00ba7fa5321e53f1a96ea3d9a8467fdaa6038924ff007abec317fc6ffb799c2771f0964f3fc29e2087fe7e2e34d8bf3b83fe156fc6b75f67bc787fe7df11fe5ffebacef84776b6767ac427ef4696b32ffc06e6207ff1d2d51eb93b0bfbe56ff58a1049fefed05bff001e26bc1cf3fde57a2fd4eaa3f09f5c7ec69ff057c8bf656fd9d7c37e18d474ff0013788bc55e0d9b5087c3d2db4b630d8e81a7beeb8db1c8f1973279d3dc39ca9558d63cb1c858fb6f82dfb68782ff006bdd6ef1ae34fb96f1d695108ad21f156ab79a9df6a7661d65992295ee4c4d1f2e8f6eaa5c0dacc242f2f97f9c927fc7e49ff5c64ffd00d739a7df4fa7dec32dbcd716d3433acd14b04de4c90c8bf75d197e6571d9bb57cae3325a15e33d6d291ea607309509ae75747e8c7c63fdaefc41f07b519750d3346f00e9d258aa4ebf63d0e086e14aba3ee0d108d55df6e18a222b92df2fce3187ff000f25f8b5a2492dbdf3dbdac2af82905aa598468e5629b011260acd96c63e56607b57c7ff00157f685f127c73f0de9d61ab34325c468639ef5789350cff00aa3385f9720fcc4c7d4a83dabf543c61fb38f81ff683f0e587896eee6daef4db7d3d2197c52b2f9126ac90a2c325fca4308d59de362a2457603a815f2b5b2f8e0a8c5629735db57f2e87eadc372c2e3ea54961a9f2f2c53e6f777f99d9dc7fc150be10fc61ff00827b5d683a96b5a97837c65796b6da45dd8bdcc8f3dbac4f166eeda70a14295b781e3e136658153b41af8e3e38daf85ff6acf1141a86977116cd3e3740c6f04d737fbb833ba8ff0056c7193ea493dead7887f614d175ebfb9be8fc477367e0db1198e496d44134a9d9b249e18fddfdda6efc2b85d67f678d0be1f5a1d4a286f1aedd88b36bf015adff00db65000520745c70c4579b2960dcf9e8d4f7ba1f451e15c654938af86e49a5fec7b6c975f6af2e393e52b87e8bd39fd2b6b47fed8fd9df5b7b9f0b6b979a56ada9594fa7c9269ffeb27b69176cb17e4d5e1f6dfb4078b8fc4b6d2d7c45a949a48b8549c48a25dca7fda6f9b39c57d6df0afe135bebeeb757f1bcd7332e647772c4fe27dbb5773ca73097bd56a68f53f3bc567982c2569d1842f28b68f76ff8257785ae7e1cf842d7c4925f5c43abfc45f1f69b61797127cce967a75b0d46f4190fcc16692e1236edb4356e7c40f89571f15be3069bf0cbc457175ab683f153e0d7f6378816695d63b6d4ae6d9af6c6f5b1d5d2e02448ff00dd98d6c7c1cb99be194fa79fb3acd61a6decba925b37dd5b99ed85bbca7fed9ac63ea82bc7bc351eb83e3b6b7e246669355d0cc3a241e743e6c773616f6b6e11245ea0e023864e4375aecc670fd6bbc4d2767149af5ec79997711d074a38692bde4efe9d5fe47c9171ff0004e6f8b1059096d7c3b6333b46094b5d4a08d54e3712124209e01e01cd70fe23fd9ebc6de16b4fb46a7e0cd716d5989599b4cf36123d03a12ab8f5cf35fad5e17f897a0ea9a3cd6fa94571a3dc4d1941094696104e02ec640c7ef11f7821ff0066b9bf8a1f117c2be18d06d34b8ef2e1e38c98814b793071d7a807ae7b57871ceb3582b4e85d9f41f53cb1eb1af65d0f8b7f67afda1a3f1678ab57d1e6bc87c2ada3fc00bdf879a54125c79297da842b67248c1bf81ee5e3b9980ee5456e7ededf1db4ebef13fed91e0dd52f2dff00b42fbc6fa0dde9964abb61bb7b659adeebcbf7553117f502bd0be277c4cf0c9f07dd2c9a0c7a84cc30cd7d0c6be58c1f9f2416e1b6fa6064e4639f847e2edfdc6bbe2af115f5e431c37b777d34d741492d24ccecd23bb127748589ded9e5b3c0afb5e0ba3f5ecc94f114fd9be56edfe16a7ffb69e267998fd5b07ec694b9ddd6be4d38fea7956befb34a6eff0030fc6bdf35883edff00aebfe9969064ffbf6825ffd96bc0bc44fb6c18fbff435f44780edff00b53e1be8f69ff3f566abff008ee2bf75e1ac3f36271587fe687e47e5f9846d187f765ff00f9edad7ecf3fe9536b96fe6787d65ff009f5b8867fc988a91adfecd60e9ff003ccb47ff007cbb27fec9562fe2cf846e9bd2df77ebbbff0069d7e5b5373dc296ab7f2697731c91c7e6318f611e8339fe828a82fae526dc24fbbfbb23ebb4d151c97d40d3d67fe4273ffbc2ab49fd28a2bee334fe2d43cf3b0f818bf69f1c35a19248bedcad1e53bec8a49f07dbf7355bc4b3fdab52bc97cb8e2f32e246c2743f375fad1457ce675fc5a7fe147453f84e39a5dfa8affb8fff00a0356141fea97e83f90a28af3f98d0dbf87de195f19f8e34bd2a493c986f66c4d281931448a659081dc98d1c01eac3d2bec0d6be2df8b3c23e1992e750d6ef34cd124b837fa7f86ec1b740f382764b231f9490304fa93ed4515f379c7bf5e1096c7eb1e1f2e4c256ab1dee8abadfed97e3ef140864d426d166b5b1533926d4ed56209cb2a940cf80d86dbc67debcd3e257ed0fe2cf89c3ccb9b8b5b4858058e1b18cc1e5a8e9c924fb9e7a934515c985cb70eaa3928ea7b39ee718ba7415384ddacce03e05d88d6fe2dd8d9f004d263f2c1fe95faa1f063c3fbf45b26cf5881a28af76aff1628fc32b5494db949dddcf5e021b7d3d9a31f374fc2b81d36cbcd79aefb9bcdb8fa5145562ff0086197ff17e46d6bda1a6ad09ba8e186d5af1a794c310c470c5f3b151ff00020d5e5de3ebfbb3a2dec0fe485b8bc92e4b0855a4cf97b5b2c7f8075dbfdee68a2bc5ac7b479df8e748fb3787a3bb0bba4b87768c1c11bc36e19cfd0fe38af94bf693d1a3d0bc4771616fb95ac521725b1960fe630ce38ce08a28af63855db35a3ea658cfe133c3fc60be55831ffa68bfcebdf7e15487fe158686c3a8b65228a2bf6de1cff91a57ff0009f25987f0a27947c45d3469be30d6e05fbad74d723fedb05947e8e2a2b683fe2492ff00b9fd28a2bf2dcd95b1b56dfcccf6b0dfc18fa1e7f6f73e742a3db3fca8a28ae6b968ffd9);

-- --------------------------------------------------------

--
-- Table structure for table `ingroup`
--

DROP TABLE IF EXISTS `ingroup`;
CREATE TABLE IF NOT EXISTS `ingroup` (
  `type` int(11) NOT NULL DEFAULT '0',
  `idGroup` int(11) NOT NULL,
  `idUser` int(11) NOT NULL,
  `idInGroup` int(11) NOT NULL AUTO_INCREMENT,
  PRIMARY KEY (`idInGroup`),
  KEY `FK_InGroup_Group_idx` (`idGroup`),
  KEY `FK_InGroup_User_idx` (`idUser`)
) ENGINE=InnoDB AUTO_INCREMENT=3 DEFAULT CHARSET=utf8;

--
-- Dumping data for table `ingroup`
--

INSERT INTO `ingroup` (`type`, `idGroup`, `idUser`, `idInGroup`) VALUES
(1, 1, 13, 1),
(1, 1, 27, 2);

-- --------------------------------------------------------

--
-- Table structure for table `item`
--

DROP TABLE IF EXISTS `item`;
CREATE TABLE IF NOT EXISTS `item` (
  `idItem` int(11) NOT NULL AUTO_INCREMENT,
  `name` varchar(45) NOT NULL,
  `quantity` varchar(45) NOT NULL,
  `metrics` varchar(45) NOT NULL,
  PRIMARY KEY (`idItem`),
  UNIQUE KEY `idItems_UNIQUE` (`idItem`)
) ENGINE=InnoDB AUTO_INCREMENT=3 DEFAULT CHARSET=utf8;

--
-- Dumping data for table `item`
--

INSERT INTO `item` (`idItem`, `name`, `quantity`, `metrics`) VALUES
(1, 'Milk', '1', 'l'),
(2, 'Bread', '1', '');

-- --------------------------------------------------------

--
-- Table structure for table `itemcategory`
--

DROP TABLE IF EXISTS `itemcategory`;
CREATE TABLE IF NOT EXISTS `itemcategory` (
  `idItemCategory` int(11) NOT NULL AUTO_INCREMENT,
  `idCategory` int(11) NOT NULL,
  `idItem` int(11) NOT NULL,
  PRIMARY KEY (`idItemCategory`),
  KEY `FK_ItemCategory_Item_idx` (`idItem`),
  KEY `FK_ItemCategory_Category_idx` (`idCategory`)
) ENGINE=InnoDB DEFAULT CHARSET=utf8;

-- --------------------------------------------------------

--
-- Table structure for table `itemprice`
--

DROP TABLE IF EXISTS `itemprice`;
CREATE TABLE IF NOT EXISTS `itemprice` (
  `idItem` int(11) NOT NULL,
  `idShopChain` int(11) NOT NULL,
  `price` int(11) DEFAULT NULL,
  `idItemPrice` int(11) NOT NULL AUTO_INCREMENT,
  PRIMARY KEY (`idItemPrice`),
  KEY `FK_ItemPrice_Item_idx` (`idItem`),
  KEY `FK_ShopChain_idx` (`idShopChain`)
) ENGINE=InnoDB AUTO_INCREMENT=2 DEFAULT CHARSET=utf8;

--
-- Dumping data for table `itemprice`
--

INSERT INTO `itemprice` (`idItem`, `idShopChain`, `price`, `idItemPrice`) VALUES
(2, 1, 100, 1);

-- --------------------------------------------------------

--
-- Table structure for table `link`
--

DROP TABLE IF EXISTS `link`;
CREATE TABLE IF NOT EXISTS `link` (
  `idLink` int(11) NOT NULL AUTO_INCREMENT,
  `idShoppingList` int(11) NOT NULL,
  `link` text NOT NULL,
  `writable` int(11) NOT NULL,
  PRIMARY KEY (`idLink`),
  KEY `FK_SHOPPINGLSIT_LINK` (`idShoppingList`)
) ENGINE=MyISAM DEFAULT CHARSET=latin1;

-- --------------------------------------------------------

--
-- Table structure for table `listcontains`
--

DROP TABLE IF EXISTS `listcontains`;
CREATE TABLE IF NOT EXISTS `listcontains` (
  `idListContains` int(11) NOT NULL AUTO_INCREMENT,
  `idShoppingList` int(11) NOT NULL,
  `idItem` int(11) NOT NULL,
  `bought` date DEFAULT NULL,
  `idUser` int(11) NOT NULL,
  PRIMARY KEY (`idListContains`),
  KEY `FK_ListContains_ShoppingList_idx` (`idShoppingList`),
  KEY `FK_ListContains_Item_idx` (`idItem`),
  KEY `FK_UserId` (`idUser`)
) ENGINE=InnoDB AUTO_INCREMENT=7 DEFAULT CHARSET=utf8;

--
-- Dumping data for table `listcontains`
--

INSERT INTO `listcontains` (`idListContains`, `idShoppingList`, `idItem`, `bought`, `idUser`) VALUES
(1, 1, 1, '2021-05-17', 4),
(2, 1, 2, '2021-05-17', 4),
(3, 4, 2, '2021-04-19', 13),
(4, 5, 1, '2021-05-17', 13),
(5, 8, 1, '2021-03-02', 13),
(6, 8, 2, '2021-04-06', 13);

-- --------------------------------------------------------

--
-- Table structure for table `notification`
--

DROP TABLE IF EXISTS `notification`;
CREATE TABLE IF NOT EXISTS `notification` (
  `idNotification` int(11) NOT NULL AUTO_INCREMENT,
  `text` varchar(256) COLLATE utf8_unicode_ci NOT NULL,
  `idUser` int(11) NOT NULL,
  `idGroup` int(11) NOT NULL,
  `type` tinyint(1) NOT NULL DEFAULT '0',
  `isRead` tinyint(1) NOT NULL DEFAULT '0',
  PRIMARY KEY (`idNotification`),
  KEY `user` (`idUser`),
  KEY `group` (`idGroup`)
) ENGINE=InnoDB AUTO_INCREMENT=69 DEFAULT CHARSET=utf8 COLLATE=utf8_unicode_ci;

--
-- Dumping data for table `notification`
--

INSERT INTO `notification` (`idNotification`, `text`, `idUser`, `idGroup`, `type`, `isRead`) VALUES
(1, 'Join group Porodica', 1, 1, 0, 1),
(2, 'New member group Porodica', 1, 2, 1, 1),
(3, 'List status Porodica List1', 1, 1, 2, 1),
(4, 'Join Friends', 1, 2, 0, 1),
(5, 'Join group Family', 13, 2, 0, 1),
(6, 'New member group Family', 13, 2, 1, 1),
(8, 'Join group Porodica', 13, 1, 0, 1),
(12, 'Join group Porodica', 13, 1, 0, 1),
(27, 'Join group Family', 13, 1, 0, 1),
(28, 'Join group Family', 13, 1, 0, 1),
(47, 'Join Group Family', 13, 1, 0, 1),
(48, 'New member group Porodica', 4, 1, 1, 1),
(49, 'Join group', 13, 1, 0, 1),
(50, 'New member group Porodica', 4, 1, 1, 0),
(51, '', 13, 1, 0, 1),
(52, 'New member group Porodica', 4, 1, 1, 0),
(53, '', 13, 1, 0, 1),
(54, 'New member group Porodica', 4, 1, 1, 0),
(55, '', 13, 1, 0, 1),
(56, 'New member group Porodica', 4, 1, 1, 0),
(57, '', 13, 1, 0, 1),
(58, 'New member group Porodica', 4, 1, 1, 0),
(59, '', 13, 1, 0, 1),
(60, 'New member group Porodica', 4, 1, 1, 0),
(61, '', 13, 1, 0, 1),
(62, 'New member group Porodica', 4, 1, 1, 0),
(63, 'New member group Porodica', 4, 1, 1, 0),
(64, 'New member group Porodica', 4, 1, 1, 0),
(65, 'New member group Porodica', 4, 1, 1, 0),
(66, 'Join group Porodica', 27, 1, 0, 1),
(67, 'New member group Porodica', 13, 1, 1, 0),
(68, 'New member group Porodica', 13, 1, 1, 0);

-- --------------------------------------------------------

--
-- Table structure for table `shopchain`
--

DROP TABLE IF EXISTS `shopchain`;
CREATE TABLE IF NOT EXISTS `shopchain` (
  `idShopChain` int(11) NOT NULL AUTO_INCREMENT,
  `name` varchar(45) NOT NULL,
  PRIMARY KEY (`idShopChain`),
  UNIQUE KEY `idShopChain_UNIQUE` (`idShopChain`)
) ENGINE=InnoDB AUTO_INCREMENT=3 DEFAULT CHARSET=utf8;

--
-- Dumping data for table `shopchain`
--

INSERT INTO `shopchain` (`idShopChain`, `name`) VALUES
(1, 'Maxi'),
(2, 'Idea');

-- --------------------------------------------------------

--
-- Table structure for table `shoppinglist`
--

DROP TABLE IF EXISTS `shoppinglist`;
CREATE TABLE IF NOT EXISTS `shoppinglist` (
  `idShoppingList` int(11) NOT NULL AUTO_INCREMENT,
  `idGroup` int(11) NOT NULL,
  `name` varchar(45) NOT NULL,
  `idShop` int(11) DEFAULT NULL,
  `active` tinyint(4) NOT NULL,
  `createdAt` timestamp NOT NULL DEFAULT CURRENT_TIMESTAMP,
  PRIMARY KEY (`idShoppingList`),
  UNIQUE KEY `idShoppingList_UNIQUE` (`idShoppingList`),
  KEY `FK_ShoppingList_Group_idx` (`idGroup`),
  KEY `FK_ShoppingList_ShopChain_idx` (`idShop`)
) ENGINE=InnoDB AUTO_INCREMENT=9 DEFAULT CHARSET=utf8;

--
-- Dumping data for table `shoppinglist`
--

INSERT INTO `shoppinglist` (`idShoppingList`, `idGroup`, `name`, `idShop`, `active`, `createdAt`) VALUES
(1, 1, 'List1', 1, 1, '2021-05-16 22:00:00'),
(2, 1, 'List2', 1, 1, '2021-05-16 22:00:00'),
(3, 1, '', NULL, 1, '2021-05-18 14:43:32'),
(4, 2, 'List3', 1, 1, '2021-05-23 15:29:24'),
(5, 2, 'List4', 1, 1, '2021-05-23 15:29:24'),
(6, 2, 'List5', 1, 1, '2021-04-21 15:36:39'),
(7, 2, 'List', 1, 1, '2021-03-10 16:46:47'),
(8, 2, 'List', 1, 1, '2021-04-07 15:46:47');

-- --------------------------------------------------------

--
-- Table structure for table `user`
--

DROP TABLE IF EXISTS `user`;
CREATE TABLE IF NOT EXISTS `user` (
  `idUser` int(11) NOT NULL AUTO_INCREMENT,
  `username` varchar(30) COLLATE utf8_unicode_ci NOT NULL,
  `password` varchar(30) COLLATE utf8_unicode_ci NOT NULL,
  `fullName` varchar(30) COLLATE utf8_unicode_ci NOT NULL,
  `email` varchar(30) COLLATE utf8_unicode_ci NOT NULL,
  `image` varchar(60) COLLATE utf8_unicode_ci DEFAULT NULL,
  `phone` varchar(30) COLLATE utf8_unicode_ci DEFAULT NULL,
  `type` tinyint(1) NOT NULL DEFAULT '0',
  PRIMARY KEY (`idUser`)
) ENGINE=InnoDB AUTO_INCREMENT=29 DEFAULT CHARSET=utf8 COLLATE=utf8_unicode_ci;

--
-- Dumping data for table `user`
--

INSERT INTO `user` (`idUser`, `username`, `password`, `fullName`, `email`, `image`, `phone`, `type`) VALUES
(4, 'olga', '123456', 'Olga Maslarevic', 'olga.maslarevic1@gmail.com', '1621788829/profile.jpeg', '123', 0),
(13, 'dunja', 'dunja123', 'Dunja Maslarevic', 'dunja@gmail.com', '1621783644/img.jpeg', '064567263', 0),
(25, 'nikola123', '123456', 'Nikola Nikolic', 'nikola@gmail.com', '1621783423/profile.jpeg', '066 787659', 0),
(26, 'Milos', '123456', 'Milos', 'milos@gmail.com', NULL, NULL, 0),
(27, 'Ana', '123456', 'Ana', 'ana@gmail.com', NULL, NULL, 1),
(28, 'Bodin', '123456', 'Bizetic', 'dinbo99@gmail.com', NULL, '0616994837', 0);

--
-- Constraints for dumped tables
--

--
-- Constraints for table `ingroup`
--
ALTER TABLE `ingroup`
  ADD CONSTRAINT `FK_InGroup_Group` FOREIGN KEY (`idGroup`) REFERENCES `group` (`idGroup`),
  ADD CONSTRAINT `FK_InGroup_User` FOREIGN KEY (`idUser`) REFERENCES `user` (`idUser`);

--
-- Constraints for table `itemcategory`
--
ALTER TABLE `itemcategory`
  ADD CONSTRAINT `FK_ItemCategory_Category` FOREIGN KEY (`idCategory`) REFERENCES `category` (`idCategory`),
  ADD CONSTRAINT `FK_ItemCategory_Item` FOREIGN KEY (`idItem`) REFERENCES `item` (`idItem`);

--
-- Constraints for table `itemprice`
--
ALTER TABLE `itemprice`
  ADD CONSTRAINT `FK_ItemPrice_Item` FOREIGN KEY (`idItem`) REFERENCES `item` (`idItem`),
  ADD CONSTRAINT `FK_ShopChain` FOREIGN KEY (`idShopChain`) REFERENCES `shopchain` (`idShopChain`);

--
-- Constraints for table `listcontains`
--
ALTER TABLE `listcontains`
  ADD CONSTRAINT `FK_ListContains_Item` FOREIGN KEY (`idItem`) REFERENCES `item` (`idItem`),
  ADD CONSTRAINT `FK_ListContains_ShoppingList` FOREIGN KEY (`idShoppingList`) REFERENCES `shoppinglist` (`idShoppingList`),
  ADD CONSTRAINT `FK_UserId` FOREIGN KEY (`idUser`) REFERENCES `user` (`idUser`);

--
-- Constraints for table `shoppinglist`
--
ALTER TABLE `shoppinglist`
  ADD CONSTRAINT `FK_ShoppingList_Group` FOREIGN KEY (`idGroup`) REFERENCES `group` (`idGroup`),
  ADD CONSTRAINT `FK_ShoppingList_ShopChain` FOREIGN KEY (`idShop`) REFERENCES `shopchain` (`idShopChain`);
COMMIT;

/*!40101 SET CHARACTER_SET_CLIENT=@OLD_CHARACTER_SET_CLIENT */;
/*!40101 SET CHARACTER_SET_RESULTS=@OLD_CHARACTER_SET_RESULTS */;
/*!40101 SET COLLATION_CONNECTION=@OLD_COLLATION_CONNECTION */;
